"date","energy","impact_e","lat","lat_dir","lon","lon_dir","alt","vel"
2018-01-15,19.9,0.56,-52,"S",-57.2,"E",43.6,23.7
2018-01-06,2.8,0.098,55.8,"N",-52.5,"E",26,21
2018-01-06,3.6,0.12,-39.5,"S",-12.8,"E",26,NA
2017-12-31,4.4,0.15,-63.5,"S",101.3,"W",64.5,NA
2017-12-29,11,0.33,14.6,"N",49.5,"W",38,NA
2017-12-28,11.4,0.34,NA,NA,NA,NA,NA,NA
2017-12-15,311.4,6.4,60.2,"N",-170,"E",20,31.4
2017-11-19,2.8,0.098,-24.2,"S",-135,"E",33.3,11.4
2017-10-26,55.8,1.4,-21.3,"S",-177.6,"E",42.5,NA
2017-10-23,2.4,0.086,28.8,"N",-44.6,"E",35.4,16.7
2017-10-15,3.3,0.11,-65.2,"S",-128.2,"E",24.1,15.9
2017-10-09,3,0.1,-18.3,"S",64.1,"W",NA,NA
2017-10-04,19.2,0.54,28.1,"N",-99.4,"E",37,14.6
2017-09-05,3.8,0.13,49.3,"N",116.9,"W",36,14.7
2017-07-31,5.8,0.19,24.7,"N",118.5,"W",NA,NA
2017-07-23,3.5,0.12,-6.6,"S",69.7,"W",38,17.2
2017-07-13,7.3,0.23,23.1,"N",-60.7,"E",35,13.7
2017-06-30,9.4,0.29,-34.3,"S",-134.5,"E",20,15.2
2017-06-23,18.4,0.52,57,"N",-143.7,"E",35.1,24.3
2017-06-20,63.6,1.6,-54.2,"S",-133,"E",33.3,13.6
2017-05-24,9,0.28,-9.1,"S",-101.8,"E",46,18.4
2017-05-22,3.5,0.12,-49.6,"S",157.6,"W",33,NA
2017-05-14,3.5,0.12,-26,"S",-32.4,"E",33,NA
2017-04-30,15,0.43,-25.7,"S",-56.2,"E",32.4,21.5
2017-03-11,126.3,2.9,28.3,"N",60.2,"W",28,NA
2017-03-09,40,1,40.5,"N",18,"W",23,36.5
2017-03-08,7.2,0.23,-26.1,"S",-174.9,"E",37,NA
2017-02-25,6.5,0.21,29.5,"N",-13.5,"E",25.4,12.2
2017-02-22,3.8,0.13,-50.7,"S",66,"W",NA,NA
2017-02-18,29.5,0.79,6.2,"N",-60.4,"E",38,24.2
2017-02-07,2,0.073,-27.4,"S",14.8,"W",54,NA
2017-02-06,6.6,0.21,10.4,"N",-131.6,"E",33.5,NA
2016-12-23,3.8,0.13,21.3,"N",-49.3,"E",42,29.7
2016-12-07,11.7,0.35,-34.5,"S",126.6,"W",NA,NA
2016-11-29,3.1,0.11,-30.6,"S",93.1,"W",NA,NA
2016-11-24,13.8,0.4,-15.2,"S",-80.3,"E",30.6,17.4
2016-11-03,7.6,0.24,-39.6,"S",16.3,"W",37,NA
2016-10-01,3.1,0.11,36.2,"N",-6.7,"E",27.8,14.2
2016-09-22,7.1,0.22,-51.8,"S",-178.5,"E",40,17.5
2016-09-14,7.6,0.24,-3.5,"S",-44.6,"E",54,18.3
2016-08-27,14.2,0.41,-56.9,"S",-162.2,"E",42,NA
2016-08-11,18.4,0.52,-43.7,"S",-53.8,"E",34.3,14.9
2016-08-05,12.1,0.36,46.4,"N",-171.6,"E",32.4,NA
2016-07-21,4.5,0.15,7.8,"N",1.6,"W",37,NA
2016-07-05,15.3,0.44,1,"N",-48.6,"E",38.2,25.1
2016-06-27,45.8,1.2,15.8,"N",11.9,"W",33.3,29.1
2016-06-05,33.1,0.87,-17.4,"S",-138.3,"E",28.7,14.5
2016-06-02,17.2,0.49,33.8,"N",110.9,"W",NA,NA
2016-05-29,6.9,0.22,10.2,"N",48.8,"W",32,NA
2016-05-20,2,0.073,-32.8,"S",-15.1,"E",30.6,20.8
2016-05-16,51.9,1.3,3.2,"N",-6.6,"E",41.7,12.2
2016-05-13,10.1,0.31,26.2,"N",122.3,"W",33,NA
2016-04-24,14.6,0.42,9.8,"N",42.8,"W",50,NA
2016-04-18,22.4,0.62,20.7,"N",14.5,"W",31.5,17.1
2016-04-12,2,0.073,38.3,"N",-162.2,"E",NA,NA
2016-04-10,65.5,1.6,22,"N",-149,"E",35.2,15.1
2016-03-16,3.2,0.11,-49.2,"S",6.3,"W",42,13.3
2016-03-03,5.8,0.19,-48,"S",-51,"E",31.8,11.7
2016-02-23,3.5,0.12,32.3,"N",-67.2,"E",44,17.9
2016-02-21,36.9,0.96,36.5,"N",37.2,"W",32,NA
2016-02-19,20.2,0.56,0.7,"N",11.6,"W",39.4,15.5
2016-02-06,685.3,13,-30.4,"S",25.5,"W",31,15.6
2016-01-27,5,0.16,-45.8,"S",-53.6,"E",37,11.5
2016-01-21,4.6,0.15,-10.8,"S",-0.7,"E",42.5,18.1
2015-12-30,2.2,0.079,33.8,"N",160.7,"W",39,NA
2015-12-21,8.3,0.26,5.9,"N",-143,"E",42.2,12.1
2015-12-08,19.7,0.55,-69.9,"S",-150.5,"E",38,NA
2015-11-13,10.2,0.31,16,"N",-124.3,"E",28,NA
2015-11-02,7.8,0.24,-41.4,"S",-33,"E",37,NA
2015-10-31,9.7,0.29,9,"N",138,"W",71,NA
2015-10-13,2.3,0.082,-8,"S",52.5,"W",38.9,12.9
2015-10-11,3,0.1,-55.4,"S",18.8,"W",NA,NA
2015-10-10,3.6,0.12,-51,"S",21.1,"W",51.8,11.8
2015-10-04,4.4,0.15,22,"N",171.6,"W",36.1,NA
2015-09-17,9.8,0.3,-43.1,"S",-94.9,"E",NA,NA
2015-09-14,7,0.22,5.8,"N",15.2,"W",NA,NA
2015-09-08,2,0.073,6.3,"N",-29.9,"E",44.4,16.1
2015-09-07,179.8,3.9,14.5,"N",-98.9,"E",29.3,21
2015-09-02,3.7,0.13,39.1,"N",-40.2,"E",39.8,24.1
2015-07-19,2.3,0.082,20.6,"N",87.6,"W",22,17.8
2015-07-12,2.2,0.079,31,"N",-159.6,"E",41,NA
2015-07-04,5.6,0.18,38.6,"N",-103.1,"E",46.3,49
2015-06-14,7.1,0.22,6.3,"N",-124.1,"E",32.4,31.9
2015-06-12,17.6,0.5,-1.3,"S",32.1,"W",43.5,NA
2015-06-10,38.4,1,-11.5,"S",161.9,"W",61.1,NA
2015-06-02,38,0.99,-6.4,"S",142.7,"W",NA,NA
2015-05-20,3.6,0.12,1,"N",-172.6,"E",32.4,NA
2015-05-18,4.3,0.14,32.4,"N",-139.1,"E",29,NA
2015-05-10,14.3,0.42,-46.3,"S",179.3,"W",29.6,12.2
2015-05-07,5.2,0.17,-21.5,"S",29.3,"W",37,17.3
2015-04-30,10.5,0.32,-48.7,"S",-139.1,"E",26.7,12.9
2015-04-21,8.8,0.27,37.7,"N",39.6,"W",37.4,21.3
2015-04-10,6.5,0.21,-42.8,"S",-8.2,"E",NA,NA
2015-04-08,17.3,0.49,-25.5,"S",-51.5,"E",36.3,19.2
2015-04-03,4.2,0.14,8.4,"N",157.9,"W",NA,NA
2015-03-30,6.4,0.2,-36.1,"S",5.5,"W",33.1,13.8
2015-03-18,12.1,0.36,-5.4,"S",-159.3,"E",50,NA
2015-03-11,7.2,0.23,8,"N",-119.1,"E",35.2,19.9
2015-03-08,2,0.073,-39.1,"S",118.6,"W",NA,NA
2015-03-04,5.5,0.18,-15.9,"S",-88.1,"E",39.8,18
2015-02-26,18.8,0.53,68,"N",149,"W",33.7,21.1
2015-02-25,5.8,0.19,12.4,"N",122.4,"W",42,NA
2015-02-17,3.3,0.11,-8,"S",11.2,"W",39,28.8
2015-01-09,2.2,0.079,-23.3,"S",49.2,"W",NA,NA
2015-01-09,13.9,0.41,2,"N",-28.8,"E",36,17.5
2015-01-07,13.6,0.4,45.7,"N",-26.9,"E",45.5,35.7
2015-01-02,2,0.073,-31.1,"S",-140,"E",38.1,18.1
2014-12-13,4.4,0.15,86.7,"N",162.1,"W",30.7,21.7
2014-12-12,3.3,0.11,33.5,"N",-144.9,"E",26.3,12
2014-12-09,7.8,0.24,76.6,"N",-96.3,"E",26.3,NA
2014-11-28,70,1.7,-45.8,"S",172.7,"W",26.1,13.4
2014-11-27,5.5,0.18,-18.8,"S",73.4,"W",38,NA
2014-11-26,11.8,0.35,-69.5,"S",179.7,"W",23.3,25.3
2014-11-26,10.5,0.32,-68.2,"S",24,"W",37,19.9
2014-11-04,15.6,0.45,43.1,"N",-115.8,"E",22.2,16
2014-10-21,3.4,0.12,22.2,"N",132.9,"W",NA,NA
2014-10-17,7.2,0.23,-4.6,"S",66.3,"W",39,NA
2014-10-14,2.9,0.1,-2,"S",-119.2,"E",27.2,16.9
2014-10-06,3.9,0.13,-43.7,"S",-85.7,"E",NA,NA
2014-09-09,2.8,0.098,3.2,"N",-137.2,"E",32.5,NA
2014-09-05,3.5,0.12,22.7,"N",150,"W",NA,NA
2014-08-29,2.6,0.092,-6.2,"S",49.9,"W",NA,NA
2014-08-28,3.4,0.12,3.2,"N",45.4,"W",NA,NA
2014-08-23,381.9,7.6,-61.7,"S",-132.6,"E",22.2,16.2
2014-07-29,7.3,0.23,-49.2,"S",172.2,"W",NA,NA
2014-07-29,5.3,0.17,-33.9,"S",115.9,"W",NA,NA
2014-06-28,24.5,0.67,18.9,"N",-141.2,"E",26.3,12.4
2014-06-26,6.1,0.2,-71.5,"S",-93.4,"E",28.5,11.2
2014-05-29,5.8,0.19,21.9,"N",131.1,"W",28.7,NA
2014-05-16,13.6,0.4,-39.4,"S",95.9,"W",30.8,18
2014-05-16,30.9,0.82,-44.2,"S",176.2,"W",44,16.5
2014-05-08,105,2.4,-36.9,"S",-87.3,"E",35.4,19
2014-03-29,3.9,0.13,-28.7,"S",-121.5,"E",30.7,16.3
2014-03-18,54,1.3,0,"N",111.8,"W",30.5,NA
2014-03-03,9.4,0.29,-29,"S",94.9,"W",NA,NA
2014-02-18,2.6,0.092,-32.8,"S",61.5,"W",NA,NA
2014-02-13,63,1.5,13.3,"N",110.7,"W",25,NA
2014-01-15,14,0.41,-18.5,"S",-141.8,"E",29.6,NA
2014-01-12,7.8,0.24,2.9,"N",-64.4,"E",37,16.2
2014-01-08,3.1,0.11,-1.3,"S",-147.6,"E",18.7,44.8
2013-12-23,14.7,0.43,39.5,"N",-2,"E",34.3,15.1
2013-12-08,6.4,0.2,32.8,"N",165.1,"W",23.5,11.8
2013-11-21,7.5,0.23,44.7,"N",-35.3,"E",59.3,12.4
2013-10-12,161,3.5,-19.1,"S",25,"W",22.2,12.8
2013-10-09,6,0.19,NA,NA,NA,NA,NA,NA
2013-09-24,16,0.46,-10.3,"S",164.7,"W",40.7,NA
2013-08-12,4.4,0.15,-34.4,"S",-118.2,"E",66.6,NA
2013-07-31,3.9,0.13,NA,NA,NA,NA,NA,NA
2013-07-31,6.9,0.22,-31.8,"S",-137.1,"E",29.1,17.8
2013-07-30,39,1,-50.2,"S",-90.2,"E",25.6,18.8
2013-07-27,12,0.36,0.3,"N",-156.2,"E",26.5,22.1
2013-07-26,2,0.073,21,"N",178.5,"W",37,NA
2013-07-18,2.2,0.079,NA,NA,NA,NA,NA,NA
2013-06-13,2.2,0.079,NA,NA,NA,NA,NA,NA
2013-06-01,3.4,0.12,-65.6,"S",-138.4,"E",28.9,NA
2013-05-14,2,0.073,-3,"S",-76.4,"E",NA,NA
2013-04-30,511,10,35.5,"N",30.7,"W",21.2,12.1
2013-04-21,106.6,2.5,-28.1,"S",64.6,"W",40.7,14.9
2013-03-12,2.9,0.1,-32.7,"S",-17.1,"E",26,NA
2013-02-20,3.2,0.1,-23,"S",38.8,"W",NA,13.6
2013-02-15,37500,440,54.8,"N",-61.1,"E",23.3,18.6
2013-02-07,6.5,0.21,-18.8,"S",158.6,"W",NA,NA
2013-01-25,340,6.9,60.3,"N",64.6,"W",NA,NA
2013-01-12,4.8,0.16,-15.1,"S",155.6,"W",36.1,NA
2012-12-30,19.8,0.55,17.3,"N",83.6,"W",NA,NA
2012-12-18,2.7,0.095,NA,NA,NA,NA,NA,NA
2012-11-20,2.5,0.089,2.5,"N",-29.6,"E",33.3,14.3
2012-11-20,12,0.36,-8,"S",86,"W",NA,NA
2012-10-25,3,0.1,NA,NA,NA,NA,NA,NA
2012-10-19,2.3,0.082,-75.4,"S",-49.6,"E",29.3,13.2
2012-10-09,21,0.58,51.2,"N",84.6,"W",27.8,13.5
2012-10-03,28,0.75,-41.5,"S",21.9,"W",NA,17
2012-10-02,47,1.2,-8.1,"S",111.9,"W",35,15.4
2012-09-28,3.8,0.13,-6.9,"S",-73.7,"E",NA,NA
2012-09-18,24.4,0.67,1.2,"N",52.2,"W",28.1,18.3
2012-09-11,5.2,0.17,-18.9,"S",-105.2,"E",NA,NA
2012-09-10,2.3,0.082,-69.8,"S",111.7,"W",23.8,16.9
2012-08-27,6.8,0.22,-18.3,"S",-64.2,"E",38.7,28.9
2012-08-26,24.9,0.68,11.8,"N",-117,"E",36,12.7
2012-08-13,3.3,0.11,NA,NA,NA,NA,NA,NA
2012-07-27,3.4,0.12,63.1,"N",-172.3,"E",27.2,NA
2012-07-25,13.3,0.39,36.4,"N",-41.5,"E",26.8,18.5
2012-06-05,2.4,0.086,NA,NA,NA,NA,NA,NA
2012-05-25,6,0.19,-41.8,"S",36.2,"W",NA,NA
2012-05-22,21.1,0.59,NA,NA,NA,NA,NA,NA
2012-05-15,13.2,0.39,-61.8,"S",135.5,"W",33.3,17.1
2012-05-04,22.9,0.63,76.7,"N",10.6,"W",NA,NA
2012-04-23,4.4,0.15,36.2,"N",-107.4,"E",25.2,NA
2012-04-21,14.3,0.42,-15.8,"S",174.8,"W",NA,NA
2012-04-19,3,0.1,5.5,"N",-16.8,"E",NA,NA
2012-04-02,3.2,0.11,28.1,"N",95.2,"W",NA,NA
2012-03-12,9.9,0.3,2.5,"N",-139.8,"E",25,11.8
2012-03-03,10.1,0.31,7.8,"N",-2.7,"E",20.4,NA
2012-03-01,2.2,0.079,46.9,"N",29.8,"W",NA,NA
2012-02-24,3.7,0.13,-22.7,"S",-30.8,"E",NA,NA
2012-02-17,15.4,0.44,-3.2,"S",39.9,"W",45.6,NA
2012-02-12,14,0.41,-31.7,"S",-54.9,"E",61,NA
2012-02-04,15,0.43,32.4,"N",-0.1,"E",34.2,12.2
2012-01-15,2.1,0.076,-64.1,"S",-109.9,"E",26.3,12.3
2012-01-11,8.5,0.26,32.2,"N",-88.5,"E",NA,NA
2011-12-19,13.5,0.4,-30.2,"S",-52.6,"E",36.1,NA
2011-12-14,5,0.16,-62.9,"S",-89.6,"E",32.4,NA
2011-12-11,2.9,0.1,NA,NA,NA,NA,NA,NA
2011-11-20,2.3,0.082,-27.9,"S",-116.3,"E",NA,NA
2011-10-12,3.6,0.12,-26.4,"S",78.4,"W",NA,NA
2011-09-13,6.7,0.21,-19.9,"S",13.8,"W",21.3,16.7
2011-08-31,2.7,0.095,18.6,"N",5.1,"W",NA,NA
2011-08-20,2.3,0.082,-27.2,"S",2.8,"W",NA,NA
2011-08-18,2.3,0.082,NA,NA,NA,NA,NA,NA
2011-08-11,3.5,0.12,NA,NA,NA,NA,NA,NA
2011-08-04,2.8,0.098,-40.7,"S",86.7,"W",63,NA
2011-07-27,4.4,0.15,-45.3,"S",-63.5,"E",29.6,NA
2011-07-07,3.3,0.11,NA,NA,NA,NA,NA,NA
2011-07-05,6.5,0.21,29.1,"N",-139.7,"E",40.7,NA
2011-07-04,2.9,0.1,-51.7,"S",-175,"E",NA,NA
2011-06-16,2.4,0.086,67.3,"N",21.4,"W",40.5,NA
2011-05-25,228,4.8,4.1,"N",-14,"E",59,11.6
2011-05-16,2,0.073,-1.2,"S",-92.8,"E",NA,NA
2011-04-27,22,0.61,1.4,"N",126.6,"W",28.7,NA
2011-04-27,2.4,0.086,NA,NA,NA,NA,NA,NA
2011-04-17,2.4,0.086,NA,NA,NA,NA,NA,NA
2011-04-06,14.8,0.43,71.1,"N",43.5,"W",22.2,12.7
2011-03-24,5.8,0.19,0.6,"N",127.5,"W",59,NA
2011-03-23,3.1,0.11,NA,NA,NA,NA,NA,NA
2011-03-23,2.2,0.079,-16.8,"S",85.6,"W",NA,NA
2011-03-01,3.7,0.13,53.5,"N",-103.9,"E",30.6,11.9
2011-02-21,3.9,0.13,26.3,"N",-43.7,"E",44.4,18
2011-02-12,2,0.073,7.8,"N",95.3,"W",NA,NA
2011-01-21,7.2,0.23,18.9,"N",44.6,"W",61,NA
2011-01-08,2.9,0.1,33.3,"N",125.8,"W",48,NA
2010-12-25,2000,33,38,"N",-158,"E",26,18.1
2010-12-14,3.9,0.13,-4.9,"S",-175.5,"E",24,NA
2010-12-09,6.3,0.2,-54.5,"S",169.7,"W",66,NA
2010-12-01,13.3,0.39,-72.5,"S",-144.9,"E",33.3,NA
2010-11-21,8.1,0.25,1.9,"N",-143.3,"E",50,NA
2010-11-19,3.3,0.11,-10.3,"S",-148.8,"E",30,NA
2010-11-10,6.8,0.22,74.5,"N",77.7,"W",NA,NA
2010-11-09,8.6,0.27,-56.3,"S",16.7,"W",37,NA
2010-11-09,2,0.073,-14,"S",160,"W",26,NA
2010-10-27,14.5,0.42,-14.1,"S",-67.7,"E",35.2,NA
2010-10-08,2,0.073,NA,NA,NA,NA,NA,NA
2010-09-24,5,0.16,-67.4,"S",50.6,"W",NA,NA
2010-09-18,6.7,0.21,7.4,"N",-36.7,"E",NA,NA
2010-09-08,6.5,0.21,-13.9,"S",65.5,"W",46.3,NA
2010-09-05,68.3,1.7,-25.9,"S",-49,"E",35.2,NA
2010-09-03,175,3.8,-61,"S",-146.7,"E",33.3,12.3
2010-08-17,2.1,0.076,20.7,"N",114.3,"W",33.3,NA
2010-07-15,2.4,0.086,60.9,"N",178.1,"W",NA,NA
2010-07-06,756,14,-34.1,"S",174.5,"W",26,15.7
2010-06-26,11.3,0.34,-0.5,"S",-133.2,"E",50,NA
2010-06-21,16.3,0.47,-22.5,"S",120.9,"W",NA,NA
2010-06-17,11.9,0.35,-26.1,"S",-100,"E",42,NA
2010-04-17,5.6,0.18,13.1,"N",173,"W",NA,NA
2010-04-16,84.4,2,1.8,"N",176.9,"W",22.2,18.8
2010-04-06,8,0.25,52.8,"N",146.5,"W",NA,NA
2010-03-18,17.5,0.5,-32.4,"S",51.8,"W",NA,NA
2010-03-15,8,0.25,NA,NA,NA,NA,NA,NA
2010-03-14,4.2,0.14,33.8,"N",90.2,"W",35.6,NA
2010-03-08,3,0.1,18.2,"N",-110.1,"E",53,NA
2010-03-08,32.3,0.85,32,"N",92.9,"W",52,24.5
2010-02-28,15.3,0.44,48.7,"N",-21,"E",37,15.1
2010-02-26,23.7,0.65,-37.3,"S",166,"W",NA,NA
2010-02-24,9.3,0.28,-2.6,"S",102.2,"W",NA,NA
2010-01-15,49.2,1.2,-8.3,"S",-27,"E",25,14
2009-12-31,8.3,0.26,NA,NA,NA,NA,NA,NA
2009-12-31,10.2,0.31,37.9,"N",178.3,"W",20.7,NA
2009-11-25,6.4,0.2,-52.8,"S",-136.5,"E",NA,NA
2009-11-21,1000,18,-22,"S",-29.2,"E",38,32.1
2009-11-18,8.5,0.26,NA,NA,NA,NA,NA,NA
2009-11-18,73.6,1.8,40.4,"N",113.2,"W",31.5,NA
2009-11-14,2.3,0.082,NA,NA,NA,NA,NA,NA
2009-11-07,2.2,0.079,45.5,"N",157.7,"W",NA,NA
2009-11-07,4.2,0.14,24,"N",-64.1,"E",37,NA
2009-10-11,7.1,0.22,-78.3,"S",-70.2,"E",27.8,NA
2009-10-08,2000,33,-4.2,"S",-120.6,"E",19.1,19.2
2009-09-27,8.9,0.27,-36,"S",67.6,"W",37,NA
2009-09-18,14.4,0.42,7.7,"N",29.5,"W",NA,NA
2009-09-04,96.5,2.3,42.5,"N",-110,"E",28.3,24
2009-08-23,28,0.75,-67.7,"S",-18.3,"E",34,12.2
2009-07-31,2.5,0.089,8.9,"N",121.9,"W",NA,NA
2009-07-16,72.7,1.8,-24.4,"S",59.8,"W",32.2,NA
2009-07-03,2.7,0.095,NA,NA,NA,NA,NA,NA
2009-06-27,3.2,0.11,-26.6,"S",12.6,"W",26.1,15.2
2009-06-20,2.7,0.095,NA,NA,NA,NA,NA,NA
2009-06-18,3.3,0.11,-23.7,"S",16,"W",57.4,NA
2009-06-09,28.1,0.76,54.9,"N",152.7,"W",34.2,NA
2009-05-31,14.3,0.42,19.7,"N",121,"W",NA,NA
2009-05-13,7.3,0.23,NA,NA,NA,NA,NA,NA
2009-05-04,14,0.41,36.4,"N",160.4,"W",40.7,NA
2009-04-20,2.2,0.079,6,"N",-84.3,"E",NA,NA
2009-04-10,27,0.73,-44.7,"S",-25.7,"E",32.4,19.1
2009-03-04,17,0.48,NA,NA,NA,NA,NA,NA
2009-02-20,5,0.16,-64.9,"S",70,"W",NA,NA
2009-02-07,160,3.5,56.6,"N",-69.8,"E",40,15.4
2009-01-12,4.8,0.16,47.8,"N",44.3,"W",NA,NA
2009-01-10,2.3,0.082,-64,"S",-122.8,"E",26.5,NA
2008-12-24,3.5,0.12,-68.9,"S",102,"W",21.1,24.1
2008-12-12,21.6,0.6,-7,"S",9.7,"W",50,NA
2008-12-09,3.4,0.12,NA,NA,NA,NA,NA,NA
2008-11-24,14.6,0.42,-57.9,"S",-146.1,"E",34.8,23.7
2008-11-21,14.2,0.41,53.1,"N",109.9,"W",28.2,12.9
2008-11-18,2.5,0.089,-29.4,"S",-75.9,"E",35.2,22.4
2008-11-09,22.2,0.61,14.5,"N",-112.7,"E",29.6,NA
2008-10-21,4.6,0.15,32.8,"N",165.6,"W",29.6,11.3
2008-10-10,18,0.51,-57.3,"S",-17,"E",21.4,NA
2008-10-07,39.5,1,20.9,"N",-31.4,"E",38.9,13.3
2008-09-09,5.9,0.19,NA,NA,NA,NA,NA,NA
2008-08-16,13.1,0.38,11.3,"N",-97.2,"E",NA,NA
2008-08-12,2,0.073,-11.6,"S",175,"W",NA,NA
2008-08-07,4.1,0.14,18.5,"N",-180,"E",45.4,13.8
2008-07-23,12.1,0.36,38.6,"N",-68,"E",31.5,14.5
2008-07-22,6.1,0.2,-17.8,"S",89.2,"W",54.4,NA
2008-07-11,5.2,0.17,NA,NA,NA,NA,NA,NA
2008-07-08,6.6,0.21,72.8,"N",-147.3,"E",52.2,21.7
2008-07-01,3.6,0.12,37.1,"N",115.7,"W",36.1,9.8
2008-06-27,17.2,0.49,-26.9,"S",17.7,"W",33.7,23.1
2008-06-18,2.1,0.076,6.1,"N",-103.1,"E",NA,NA
2008-05-29,2.1,0.076,15.7,"N",83.5,"W",NA,NA
2008-05-24,15,0.43,0.8,"N",-162,"E",37,14.2
2008-05-22,2.1,0.076,46.9,"N",-134.5,"E",NA,NA
2008-05-06,5.7,0.18,NA,NA,NA,NA,NA,NA
2008-04-30,2,0.073,-33.6,"S",35.1,"W",NA,NA
2008-04-06,7.7,0.24,NA,NA,NA,NA,NA,NA
2008-03-15,5,0.16,28,"N",41.5,"W",26.7,12.9
2008-02-24,7.4,0.23,NA,NA,NA,NA,NA,NA
2008-02-19,2,0.073,48.9,"N",119.8,"W",NA,NA
2008-02-18,5,0.16,NA,NA,NA,NA,NA,NA
2008-02-17,11,0.33,74.9,"N",73.4,"W",40.4,13.9
2008-02-16,7.1,0.22,NA,NA,NA,NA,NA,NA
2008-01-18,4.4,0.15,NA,NA,NA,NA,NA,NA
2008-01-09,4.1,0.14,-66.8,"S",67.3,"W",31.5,11.6
2007-12-26,13.6,0.4,-61.6,"S",158.9,"W",NA,NA
2007-12-20,12.2,0.36,51.3,"N",-115.4,"E",NA,NA
2007-10-25,5.8,0.19,-40.9,"S",-91.3,"E",46.3,NA
2007-10-12,3.3,0.11,88.5,"N",-116.6,"E",37,18.4
2007-10-07,5.8,0.19,-35.2,"S",-125.6,"E",NA,NA
2007-09-22,23.7,0.65,-49.2,"S",85.5,"W",30.2,16.9
2007-06-11,4.9,0.16,-23.4,"S",170.9,"W",35.2,17
2007-06-08,23.5,0.65,-52,"S",-175.3,"E",38.9,NA
2007-06-07,3.1,0.11,21.9,"N",-53.1,"E",29.6,NA
2007-05-16,3.8,0.13,-4.5,"S",-111.7,"E",NA,NA
2007-05-16,40,1,-42.4,"S",-164,"E",31.5,NA
2007-05-04,17.5,0.5,22.9,"N",-109.4,"E",48,NA
2007-04-18,11.2,0.33,-83.7,"S",171.2,"W",38,24.4
2007-04-16,2.4,0.086,NA,NA,NA,NA,NA,NA
2007-03-17,4,0.13,7.1,"N",-4.1,"E",32.5,14.5
2007-03-15,2.5,0.089,-44.1,"S",148.4,"W",NA,NA
2007-03-07,2.7,0.095,NA,NA,NA,NA,NA,NA
2007-02-02,34,0.89,24,"N",37.2,"W",35.5,NA
2007-01-26,14.7,0.43,3.7,"N",-99.7,"E",NA,NA
2007-01-22,7.6,0.24,45.4,"N",-53.5,"E",32,13.4
2007-01-18,3.2,0.11,5.3,"N",164.3,"W",34.1,NA
2007-01-17,54.8,1.4,-8.7,"S",-50.8,"E",33.3,NA
2007-01-01,3.6,0.12,44.4,"N",-116.5,"E",53,NA
2006-12-09,741,14,26.2,"N",-26,"E",26.5,15.9
2006-12-07,2.1,0.076,14,"N",140,"W",NA,NA
2006-12-01,6.3,0.2,-13,"S",-30.7,"E",NA,NA
2006-11-13,2.3,0.082,-44,"S",-43.3,"E",NA,NA
2006-10-24,22.5,0.62,-1.9,"S",2.7,"W",43,NA
2006-10-14,25.8,0.7,49.4,"N",175,"W",44.4,23.9
2006-10-09,4.1,0.14,-47,"S",-78.9,"E",22.2,NA
2006-10-07,4.1,0.14,-23,"S",61.8,"W",40.7,NA
2006-10-02,9,0.28,14,"N",-53.1,"E",42,NA
2006-09-27,10.7,0.32,-32,"S",-60.2,"E",48.1,NA
2006-09-23,12.1,0.36,-29,"S",108,"W",NA,NA
2006-09-02,2.2,0.079,NA,NA,NA,NA,NA,NA
2006-09-02,123,2.8,-14,"S",-109.1,"E",44.1,14.2
2006-08-29,9.2,0.28,-44,"S",162,"W",40.7,NA
2006-08-18,3.2,0.11,-43,"S",-33.4,"E",47.2,NA
2006-08-17,25.6,0.7,-11,"S",-165.7,"E",48.2,NA
2006-08-15,4.7,0.16,4.9,"N",-49.6,"E",32.7,NA
2006-08-09,102,2.4,-23.1,"S",-53.7,"E",37,NA
2006-07-15,8.5,0.26,-78.3,"S",5,"W",29.6,12.4
2006-07-15,16.3,0.47,31.1,"N",-45.6,"E",38.9,30.2
2006-06-07,5.9,0.19,69.2,"N",-22.5,"E",40.7,19.6
2006-05-28,2.6,0.092,NA,NA,NA,NA,NA,NA
2006-05-21,26.3,0.71,-11.6,"S",25.5,"W",NA,NA
2006-05-07,3,0.1,NA,NA,NA,NA,NA,NA
2006-05-06,12.8,0.38,-60.2,"S",152.3,"W",35.2,NA
2006-04-25,2,0.073,NA,NA,NA,NA,NA,NA
2006-04-08,12.7,0.37,17.3,"N",113.2,"W",33.3,NA
2006-04-04,240,5,26.6,"N",26.6,"W",25,NA
2006-03-14,14.4,0.42,7,"N",64.6,"W",35.2,NA
2006-02-26,7,0.22,NA,NA,NA,NA,NA,NA
2006-02-06,119,2.7,-54.5,"S",-18.1,"E",35.2,NA
2006-02-04,10,0.3,36.9,"N",143.6,"W",38.9,19.8
2006-01-28,74,1.8,-51.7,"S",-56.4,"E",37,18.7
2006-01-27,4.5,0.15,58.7,"N",-74.7,"E",20,NA
2006-01-26,5.3,0.17,-79.8,"S",111,"W",37,NA
2006-01-10,2.8,0.098,29.8,"N",12.7,"W",32.4,16.9
2006-01-08,9.4,0.29,7.6,"N",28.2,"W",NA,NA
2005-12-29,19,0.53,-3,"S",154.9,"W",42.2,20.7
2005-12-24,18.1,0.51,-54,"S",-17.3,"E",66,NA
2005-12-03,8.8,0.27,-33.8,"S",-117.4,"E",32.2,17
2005-12-01,3.2,0.11,-6.4,"S",155.8,"W",NA,NA
2005-11-29,3.2,0.11,7.6,"N",58.2,"W",59.3,NA
2005-11-15,2.5,0.089,26.3,"N",113.4,"W",32.4,NA
2005-11-11,4.2,0.14,21.4,"N",134.1,"W",29.6,NA
2005-11-09,7.3,0.23,-31,"S",-145.9,"E",30.7,13.8
2005-11-02,3.2,0.11,33.9,"N",154.9,"W",68.5,NA
2005-11-02,6.7,0.21,22.9,"N",123.8,"W",74,NA
2005-10-26,13.8,0.4,-36.3,"S",80.5,"W",16.7,NA
2005-09-30,2.2,0.079,-2.8,"S",84.1,"W",53,NA
2005-09-14,2.5,0.089,11.6,"N",-27.3,"E",33.3,NA
2005-09-02,8.2,0.25,13.5,"N",-73.1,"E",NA,NA
2005-08-20,2.7,0.095,NA,NA,NA,NA,NA,NA
2005-08-09,2.5,0.089,-21.5,"S",-56.2,"E",37,16.9
2005-07-01,3.1,0.11,-49.8,"S",-33.1,"E",50,NA
2005-06-18,2.3,0.082,47.9,"N",-85.6,"E",NA,NA
2005-06-05,4.1,0.14,34.8,"N",-90.9,"E",NA,NA
2005-06-03,8.2,0.25,-31,"S",90.3,"W",29.6,26.2
2005-05-27,2,0.073,-48.9,"S",-145.1,"E",50.5,NA
2005-05-14,12.9,0.38,NA,NA,NA,NA,NA,NA
2005-05-07,2.6,0.092,-75.8,"S",-163.7,"E",15.2,16.6
2005-05-02,4.6,0.15,17.7,"N",-36,"E",NA,NA
2005-04-22,2.2,0.079,20.9,"N",36.7,"W",37,NA
2005-04-19,23.2,0.64,-50.2,"S",146.4,"W",38.5,16.8
2005-04-16,2,0.073,NA,NA,NA,NA,NA,NA
2005-04-15,2.1,0.076,-43.8,"S",73.9,"W",39,NA
2005-04-14,7.1,0.22,4.9,"N",176,"W",26.5,NA
2005-04-11,10.6,0.32,-34.2,"S",95.7,"W",37,NA
2005-04-06,2.9,0.1,-42.7,"S",-154.6,"E",70,NA
2005-04-05,3.5,0.12,NA,NA,NA,NA,NA,NA
2005-04-03,21.9,0.61,-1,"S",-112.4,"E",59.2,NA
2005-04-02,20.4,0.57,14.1,"N",-169.7,"E",27.2,NA
2005-03-31,3.8,0.13,42.8,"N",36.2,"W",NA,NA
2005-03-18,2.7,0.095,-9.7,"S",34.7,"W",33,NA
2005-03-12,2.2,0.079,NA,NA,NA,NA,NA,NA
2005-03-09,5.3,0.17,-21.4,"S",157.9,"W",44.4,NA
2005-03-09,4,0.13,14.3,"N",-142.7,"E",30.7,NA
2005-03-06,5.5,0.18,NA,NA,NA,NA,NA,NA
2005-02-17,10,0.3,48,"N",161.5,"W",42.5,NA
2005-01-19,14.1,0.41,-27.5,"S",164.9,"W",40.7,NA
2005-01-02,11.9,0.35,-21.3,"S",-154.7,"E",35.2,21.5
2005-01-01,45.4,1.2,32.7,"N",-12.4,"E",31.8,NA
2004-12-29,9,0.28,-8.5,"S",-171.8,"E",NA,NA
2004-12-13,3.9,0.13,-9.7,"S",-155.3,"E",NA,NA
2004-12-11,3,0.1,36,"N",-104.1,"E",NA,NA
2004-11-30,18.1,0.51,61,"N",171,"W",NA,NA
2004-11-17,18.6,0.52,NA,NA,NA,NA,NA,NA
2004-10-14,9.3,0.28,NA,NA,NA,NA,NA,NA
2004-10-10,3,0.1,NA,NA,NA,NA,NA,NA
2004-10-07,1037,18,-27.3,"S",-71.5,"E",35,19.2
2004-10-04,7.1,0.22,3.7,"N",150.9,"W",NA,NA
2004-09-28,6.2,0.2,0.2,"N",101.1,"W",NA,NA
2004-09-03,726,13,-67.7,"S",-18.2,"E",31.5,NA
2004-08-22,144,3.2,-51.9,"S",-22.7,"E",37,NA
2004-07-29,2.5,0.089,NA,NA,NA,NA,NA,NA
2004-07-25,19.7,0.55,NA,NA,NA,NA,NA,NA
2004-07-22,3.5,0.12,NA,NA,NA,NA,NA,NA
2004-07-16,2.9,0.1,NA,NA,NA,NA,NA,NA
2004-07-04,7.9,0.25,NA,NA,NA,NA,NA,NA
2004-07-03,6.5,0.21,NA,NA,NA,NA,NA,NA
2004-06-12,10.4,0.31,21.7,"N",-175.3,"E",NA,NA
2004-06-11,10.4,0.31,NA,NA,NA,NA,NA,NA
2004-06-05,181,3.9,1.3,"N",174.4,"W",43,19.5
2004-06-04,33.9,0.89,NA,NA,NA,NA,NA,NA
2004-06-03,4.7,0.16,NA,NA,NA,NA,NA,NA
2004-06-03,5.4,0.18,48.9,"N",120.4,"W",NA,NA
2004-05-18,39.4,1,-28.1,"S",47.4,"W",NA,NA
2004-05-17,5.5,0.18,-18.9,"S",-28.3,"E",44,NA
2004-05-06,4.9,0.16,NA,NA,NA,NA,NA,NA
2004-04-23,5.6,0.18,NA,NA,NA,NA,NA,NA
2004-04-22,13.9,0.41,-15.2,"S",-55.1,"E",NA,NA
2004-04-22,62.4,1.5,-44.3,"S",-83.3,"E",29.6,16.3
2004-04-06,43.3,1.1,-12,"S",-162.8,"E",35,25.6
2004-03-26,2.4,0.086,-7.6,"S",-155.1,"E",46,NA
2004-03-25,2.1,0.076,-4.8,"S",-21,"E",NA,NA
2004-02-27,6,0.19,NA,NA,NA,NA,NA,NA
2004-02-02,3,0.1,-18.3,"S",-52.3,"E",NA,NA
2004-01-22,23.2,0.64,-50.6,"S",-157.8,"E",37,NA
2004-01-17,2.8,0.098,NA,NA,NA,NA,NA,NA
2004-01-16,9.8,0.3,NA,NA,NA,NA,NA,NA
2004-01-02,13.4,0.39,-28.2,"S",-3.2,"E",63,NA
2003-12-09,64.3,1.6,-67.1,"S",90.8,"W",NA,NA
2003-11-26,3.5,0.12,-22.9,"S",-22.7,"E",32,NA
2003-11-10,51.8,1.3,-64.5,"S",-136.2,"E",23,20.1
2003-11-01,7.3,0.23,-51.4,"S",-151.7,"E",NA,NA
2003-10-16,28.5,0.77,NA,NA,NA,NA,NA,NA
2003-10-13,3,0.1,NA,NA,NA,NA,NA,NA
2003-10-07,3.7,0.13,NA,NA,NA,NA,NA,NA
2003-09-27,215,4.6,21,"N",-86.6,"E",26,18.2
2003-09-22,3.3,0.11,NA,NA,NA,NA,NA,NA
2003-09-21,2,0.073,NA,NA,NA,NA,NA,NA
2003-09-20,3,0.1,NA,NA,NA,NA,NA,NA
2003-09-02,38.5,1,51.3,"N",161,"W",NA,NA
2003-08-26,7.2,0.23,NA,NA,NA,NA,NA,NA
2003-08-26,24.9,0.68,NA,NA,NA,NA,NA,NA
2003-08-17,64.7,1.6,-39,"S",-34,"E",NA,NA
2003-08-01,2.1,0.076,NA,NA,NA,NA,NA,NA
2003-07-21,5.8,0.19,NA,NA,NA,NA,NA,NA
2003-06-22,2.1,0.076,NA,NA,NA,NA,NA,NA
2003-06-21,3.8,0.13,NA,NA,NA,NA,NA,NA
2003-06-16,6.5,0.21,NA,NA,NA,NA,NA,NA
2003-06-10,3.2,0.11,-41.8,"S",-122.9,"E",NA,NA
2003-05-27,6.8,0.22,5.2,"N",-166.2,"E",NA,NA
2003-05-19,52.1,1.3,NA,NA,NA,NA,NA,NA
2003-05-18,2.1,0.076,NA,NA,NA,NA,NA,NA
2003-05-15,4.3,0.14,54,"N",80.4,"W",NA,NA
2003-04-28,2.3,0.082,NA,NA,NA,NA,NA,NA
